data_id,year,product_id,food,production,import_quantity,export_quantity
0,1960,0,2193.0,1854.7,388.0,91.0
1,1961,0,2496.0,2003.0,344.7,89.0
2,1962,0,2645.0,2156.3,228.5,83.0
3,1963,0,2853.0,2254.8,328.9,92.0
4,1964,0,3004.0,2503.0,253.7,85.0
5,1965,0,3142.0,2689.4,234.5,83.2
6,1966,0,3205.0,2893.0,236.1,94.5
7,1967,0,3452.0,3274.6,290.8,98.0
8,1968,0,4024.0,3521.0,285.0,106.0
9,1969,0,4631.0,3498.0,698.1,102.0
10,1970,0,4823.4,3782.9,1034.3,111.4
11,1971,0,4734.2,4021.0,783.8,113.1
12,1972,0,5120.0,4367.2,872.1,151.1
13,1973,0,5193.0,4651.8,644.5,73.0
14,1974,0,5132.5,4762.0,544.1,83.1
15,1975,0,5123.0,4973.0,583.7,87.6
16,1976,0,5342.0,5127.3,464.1,95.4
17,1977,0,5763.0,5498.0,358.8,91.4
18,1978,0,6022.0,5723.5,343.9,106.8
19,1979,0,5783.0,5982.0,353.1,104.1
20,1980,0,5582.0,6340.3,391.4,109.8
21,1981,0,5348.0,5696.6,301.3,107.6
22,1982,0,5254.0,5723.0,299.5,113.9
23,1983,0,5031.0,5846.3,284.4,106.6
24,1984,0,4975.0,5833.6,212.5,94.7
25,1985,0,5201.0,5894.0,201.8,126.6
26,1986,0,5341.0,3860.9,181.8,301.5
27,1987,0,5643.0,3896.2,213.6,371.9
28,1988,0,5421.0,4431.2,447.2,334.6
29,1989,0,5345.5,4843.7,242.0,219.6
30,1990,0,5323.4,4929.0,440.6,206.4
31,1991,0,5250.0,5120.0,458.9,162.0
32,1992,0,5249.0,4952.0,480.0,119.0
33,1993,0,5264.0,4576.0,918.0,123.0
34,1994,0,4452.0,3954.0,829.0,265.0
35,1995,0,4512.0,3688.0,1450.0,311.0
36,1996,0,3569.0,3253.0,538.0,260.0
37,1997,0,4088.0,3962.0,439.0,253.0
38,1998,0,4877.0,4534.0,446.0,63.0
39,1999,0,6132.0,6135.0,114.0,43.0
40,2000,0,6931.0,6766.0,277.0,62.0
41,2001,0,8414.0,8112.0,436.0,85.0
42,2002,0,9143.0,8823.0,508.0,143.0
43,2003,0,9845.0,9355.0,728.0,191.0
44,2004,0,10843.0,10209.0,920.0,238.0
45,2005,0,11678.0,10831.0,1208.0,312.0
46,2006,0,12348.0,11793.0,966.0,374.0
47,2007,0,14049.0,13425.0,1081.0,414.0
48,2008,0,13875.0,13270.0,1105.0,461.0
49,2009,0,13402.0,12720.0,1058.0,336.0
50,2010,0,12691.0,11686.0,1314.0,277.0
51,2011,0,12601.0,11653.0,1342.0,358.0
52,2012,0,12433.0,11513.0,1441.0,490.0
53,2013,0,11395.0,10485.0,1431.0,514.0
54,2014,0,12306.0,9579.0,1273.0,477.0
55,2015,0,9753.0,8979.0,959.0,478.0
56,2016,0,9633.0,9251.0,973.0,561.0
57,2017,0,9751.0,9077.0,1229.0,528.0
58,2018,0,9915.0,9254.0,1285.0,603.0
59,2019,0,10129.0,9552.0,1474.0,601.0
60,2020,0,10302.0,10001.0,1441.0,602.0
61,1960,1,208.0,6135.5,121.0,365.0
62,1961,1,236.0,8992.5,135.0,407.0
63,1962,1,241.0,9110.0,129.0,467.0
64,1963,1,241.0,13155.0,155.0,594.0
65,1964,1,242.0,9340.0,147.0,666.0
66,1965,1,244.0,12824.5,180.0,2068.0
67,1966,1,241.0,11344.5,171.0,290.0
68,1967,1,236.0,13296.0,167.0,452.0
69,1968,1,241.0,15020.0,169.0,614.0
70,1969,1,246.0,17559.0,148.0,748.0
71,1970,1,245.0,15916.0,167.0,503.0
72,1971,1,244.0,16928.0,213.0,688.0
73,1972,1,246.0,25300.0,265.0,298.0
74,1973,1,255.0,24935.5,202.0,276.0
75,1974,1,265.0,16468.0,138.0,924.0
76,1975,1,270.0,21970.0,113.0,818.0
77,1976,1,275.0,24242.0,243.0,503.0
78,1977,1,284.0,28566.0,115.0,606.0
79,1978,1,285.0,22163.5,102.0,500.0
80,1979,1,283.0,20052.0,140.0,260.0
81,1980,1,265.0,16665.0,230.0,460.0
82,1981,1,253.0,20167.5,488.0,430.0
83,1982,1,255.0,23500.0,296.0,360.0
84,1983,1,236.0,19480.0,203.0,370.0
85,1984,1,296.0,21550.0,140.0,410.0
86,1985,1,297.0,24745.0,395.0,225.0
87,1986,1,198.0,26671.0,367.0,420.0
88,1987,1,198.0,20272.5,303.0,390.0
89,1988,1,198.0,22429.5,237.0,400.0
90,1989,1,198.0,26267.5,359.0,330.0
91,1990,1,198.0,20754.0,352.0,630.0
92,1991,1,198.0,23543.0,467.0,430.0
93,1992,1,99.0,26989.0,470.0,267.0
94,1993,1,105.0,26843.0,660.0,434.0
95,1994,1,108.0,27054.0,602.0,526.0
96,1995,1,118.0,15786.0,689.0,1606.0
97,1996,1,108.0,15933.0,821.0,1209.0
98,1997,1,111.0,20786.0,785.0,1303.0
99,1998,1,133.0,9798.0,467.0,1353.0
100,1999,1,129.0,10603.0,1089.0,1010.0
101,2000,1,135.0,14079.0,1380.0,1247.0
102,2001,1,141.0,19535.0,979.0,1521.0
103,2002,1,146.0,18739.0,577.0,3030.0
104,2003,1,160.0,18003.0,996.0,3103.0
105,2004,1,130.0,17180.0,740.0,959.0
106,2005,1,130.0,15791.0,559.0,1774.0
107,2006,1,133.0,18037.0,395.0,1328.0
108,2007,1,138.0,15559.0,476.0,1955.0
109,2008,1,139.0,23148.0,296.0,1529.0
110,2009,1,127.0,17881.0,126.0,3563.0
111,2010,1,127.0,8350.0,225.0,1578.0
112,2011,1,131.0,16938.0,508.0,2097.0
113,2012,1,128.0,13952.0,736.0,3453.0
114,2013,1,148.0,15389.0,489.0,2361.0
115,2014,1,102.0,20444.0,367.0,4038.0
116,2015,1,92.0,17546.0,206.0,5391.0
117,2016,1,110.0,17967.0,370.0,2946.0
118,2017,1,123.0,20629.0,407.0,4694.0
119,2018,1,232.0,16992.0,258.0,5601.0
120,2019,1,233.0,20489.0,220.0,4145.0
121,2020,1,225.0,20939.0,190.0,5215.0
122,1960,2,2743.5,74.0,81.0,0.0
123,1961,2,2864.0,120.0,67.0,0.0
124,1962,2,2277.0,58.0,74.0,0.0
125,1963,2,2741.0,145.0,75.0,0.0
126,1964,2,2571.0,34.0,62.0,0.0
127,1965,2,2917.0,111.0,32.0,0.0
128,1966,2,2377.0,241.0,23.0,0.0
129,1967,2,3081.0,128.0,29.0,0.0
130,1968,2,3513.0,30.0,35.0,0.0
131,1969,2,3569.0,32.0,51.0,0.0
132,1970,2,3393.0,52.0,58.0,0.0
133,1971,2,3562.0,108.0,35.0,0.0
134,1972,2,3722.0,138.0,59.0,0.0
135,1973,2,3873.0,91.0,72.0,0.0
136,1974,2,3384.0,89.0,53.0,0.0
137,1975,2,3473.0,438.0,40.0,0.0
138,1976,2,3552.0,459.0,37.0,0.0
139,1977,2,3888.0,308.0,32.0,0.0
140,1978,2,3086.0,502.0,37.0,0.0
141,1979,2,3000.0,287.0,32.0,0.0
142,1980,2,3645.0,292.0,35.0,0.0
143,1981,2,3627.0,416.0,73.0,0.0
144,1982,2,3618.0,453.0,31.0,0.0
145,1983,2,3011.0,429.0,29.0,0.0
146,1984,2,4244.0,521.0,30.0,0.0
147,1985,2,4370.0,533.0,29.0,0.0
148,1986,2,4840.0,403.0,30.0,0.0
149,1987,2,4281.0,483.0,32.0,0.0
150,1988,2,4616.0,372.0,28.0,0.0
151,1989,2,4800.0,299.0,25.0,0.0
152,1990,2,4814.0,358.0,30.0,0.0
153,1991,2,4261.0,559.0,26.0,0.0
154,1992,2,3632.0,655.0,14.0,0.0
155,1993,2,3359.0,659.0,9.0,1.0
156,1994,2,3240.0,607.0,8.0,8.0
157,1995,2,2733.0,630.0,3.0,3.0
158,1996,2,2630.0,605.0,17.0,17.0
159,1997,2,2394.0,846.0,15.0,15.0
160,1998,2,2247.0,688.0,6.0,6.0
161,1999,2,1868.0,647.0,3.0,3.0
162,2000,2,1894.0,332.0,8.0,8.0
163,2001,2,1873.0,526.0,7.0,7.0
164,2002,2,1957.0,597.0,7.0,7.0
165,2003,2,1990.0,611.0,9.0,9.0
166,2004,2,1951.0,596.0,9.0,9.0
167,2005,2,1794.0,809.0,11.0,11.0
168,2006,2,1705.0,772.0,8.0,8.0
169,2007,2,1690.0,839.0,8.0,8.0
170,2008,2,1769.0,960.0,10.0,10.0
171,2009,2,1741.0,773.0,8.0,8.0
172,2010,2,1727.0,747.0,6.0,6.0
173,2011,2,1625.0,716.0,6.0,6.0
174,2012,2,1642.0,815.0,8.0,8.0
175,2013,2,1633.0,807.0,9.0,9.0
176,2014,2,1654.0,642.0,10.0,10.0
177,2015,2,1649.0,445.0,9.0,9.0
178,2016,2,1589.0,374.0,10.0,10.0
179,2017,2,1569.0,369.0,11.0,11.0
180,2018,2,1608.0,356.0,13.0,13.0
181,2019,2,1625.0,313.0,14.0,14.0
182,2020,2,1634.0,272.0,26.0,26.0
183,1960,3,17400.0,27453.0,2334.0,1674.0
184,1961,3,17600.0,29080.0,2342.0,1534.0
185,1962,3,19100.0,28940.0,2143.0,1532.0
186,1963,3,19100.0,26380.0,1993.0,1654.0
187,1964,3,17900.0,28350.0,2234.0,1764.0
188,1965,3,17900.0,31036.0,2304.0,1876.0
189,1966,3,17900.0,31012.0,2002.0,1978.0
190,1967,3,17700.0,31188.0,2111.0,2730.0
191,1968,3,17900.0,31457.0,2043.0,2940.0
192,1969,3,17900.0,31352.0,2047.0,3430.0
193,1970,3,18100.0,31083.0,2144.0,3103.0
194,1971,3,18000.0,31164.0,2213.0,2470.0
195,1972,3,18100.0,38400.0,2354.0,2680.0
196,1973,3,17800.0,41301.0,2003.0,2720.0
197,1974,3,17300.0,41071.0,2001.0,3109.0
198,1975,3,16100.0,45730.0,1988.0,3131.0
199,1976,3,15200.0,49580.0,1967.0,3175.0
200,1977,3,15500.0,51023.0,1977.0,3119.0
201,1978,3,15600.0,59430.0,2145.0,3131.0
202,1979,3,15200.0,68450.0,2294.0,3246.0
203,1980,3,14900.0,69980.0,2165.0,3120.0
204,1981,3,12200.0,75800.0,2354.0,3192.0
205,1982,3,13100.0,75064.0,2453.0,2590.0
206,1983,3,14000.0,79065.0,2634.0,2121.0
207,1984,3,13600.0,81027.0,2563.0,2189.0
208,1985,3,13400.0,81092.0,2894.0,2438.0
209,1986,3,12800.0,81015.0,2987.0,2575.0
210,1987,3,14200.0,81284.0,3123.0,2343.0
211,1988,3,17000.0,91029.0,3298.0,2165.0
212,1989,3,17000.0,91265.0,3451.0,1303.0
213,1990,3,17200.0,91568.0,3689.9,1296.0
214,1991,3,18100.0,91414.0,3405.0,1303.0
215,1992,3,23051.0,103543.0,3203.0,1310.0
216,1993,3,22993.0,95996.0,3501.0,1403.0
217,1994,3,23156.0,78470.0,4340.0,1626.0
218,1995,3,22733.0,61748.0,3959.0,2349.0
219,1996,3,21908.0,67460.0,5563.0,2729.0
220,1997,3,22127.0,86692.0,5093.0,2032.0
221,1998,3,22099.0,46800.0,2889.0,2149.0
222,1999,3,22139.0,53697.0,4835.0,3026.0
223,2000,3,21676.0,64131.0,5815.0,3341.0
224,2001,3,22183.0,83233.0,2863.0,3522.0
225,2002,3,22243.0,84696.0,2399.0,13620.0
226,2003,3,21892.0,65412.0,2718.0,11655.0
227,2004,3,21569.0,76075.0,4046.0,5962.0
228,2005,3,21894.0,76372.0,2239.0,12641.0
229,2006,3,21827.0,76268.0,2910.0,11565.0
230,2007,3,21721.0,79973.0,1690.0,17213.0
231,2008,3,21476.0,106174.0,1549.0,14330.0
232,2009,3,21280.0,95315.0,830.0,22539.0
233,2010,3,21653.0,59271.0,989.0,14177.0
234,2011,3,21436.0,91449.0,1456.0,19347.0
235,2012,3,21408.0,68419.0,1831.0,22937.0
236,2013,3,21140.0,90072.0,2297.0,19559.0
237,2014,3,22021.0,103219.0,1792.0,30775.0
238,2015,3,23161.0,102516.0,1356.0,31652.0
239,2016,3,23306.0,117810.0,1906.0,34780.0
240,2017,3,23325.0,131396.0,1597.0,44156.0
241,2018,3,22007.0,109958.0,1407.0,55962.0
242,2019,3,22423.0,118000.0,1236.0,40712.0
243,2020,3,22518.0,130220.0,1251.0,46192.0
244,1960,4,1545.0,1600.0,7.0,0.0
245,1961,4,1516.0,1649.0,9.0,0.0
246,1962,4,1549.0,1689.0,4.0,0.0
247,1963,4,1472.0,1599.0,11.0,0.0
248,1964,4,1426.0,1499.0,46.0,0.1
249,1965,4,1557.0,1635.0,56.0,0.0
250,1966,4,1669.0,1780.0,34.0,0.1
251,1967,4,1793.0,1900.0,46.0,0.0
252,1968,4,1887.0,2004.0,45.0,0.3
253,1969,4,1951.0,2092.0,29.0,0.5
254,1970,4,2131.0,2287.0,33.0,0.2
255,1971,4,2378.0,2532.0,55.0,0.5
256,1972,4,2528.0,2689.0,59.0,0.5
257,1973,4,2707.0,2896.0,46.0,0.4
258,1974,4,2907.0,3117.0,43.0,0.5
259,1975,4,2008.0,3227.0,43.0,0.0
260,1976,4,2909.0,3124.0,38.0,0.1
261,1977,4,2192.0,3436.0,41.0,0.0
262,1978,4,2350.0,3619.0,39.0,0.1
263,1979,4,2469.0,3742.0,45.0,1.0
264,1980,4,2579.0,3867.0,43.0,1.2
265,1981,4,2719.0,3032.0,33.0,2.0
266,1982,4,2735.0,3064.0,31.0,2.0
267,1983,4,2872.0,3216.0,33.0,1.6
268,1984,4,2909.0,3268.0,28.0,2.0
269,1985,4,2042.0,3357.0,23.0,2.0
270,1986,4,2206.0,3559.0,23.0,2.0
271,1987,4,2317.0,3678.0,11.0,2.0
272,1988,4,2400.0,3780.0,12.0,1.0
273,1989,4,2307.0,3763.0,5.0,5.0
274,1990,4,2289.0,3642.0,4.0,11.0
275,1991,4,2181.0,3535.0,11.0,15.0
276,1992,4,2193.0,2413.0,8.0,11.0
277,1993,4,2085.0,2266.0,2.0,11.0
278,1994,4,1968.0,2099.0,8.0,7.0
279,1995,4,1783.0,1898.0,14.0,3.0
280,1996,4,1860.0,1790.0,7.0,3.0
281,1997,4,1753.0,1805.0,17.0,2.0
282,1998,4,1825.0,1835.0,66.0,7.0
283,1999,4,1837.0,1857.0,61.0,7.0
284,2000,4,1862.0,1903.0,5.0,11.0
285,2001,4,1923.0,1971.0,11.0,7.0
286,2002,4,1981.0,2033.0,9.0,7.0
287,2003,4,1986.0,2045.0,9.0,9.0
288,2004,4,1942.0,2005.0,11.0,9.0
289,2005,4,2002.0,2065.0,17.0,6.0
290,2006,4,2041.0,2118.0,21.0,15.0
291,2007,4,2046.0,2143.0,22.0,15.0
292,2008,4,2038.0,2135.0,21.0,12.0
293,2009,4,2094.0,2210.0,18.0,17.0
294,2010,4,2153.0,2274.0,23.0,13.0
295,2011,4,2177.0,2305.0,27.0,13.0
296,2012,4,2252.0,2365.0,65.0,19.0
297,2013,4,2204.0,2317.0,71.0,19.0
298,2014,4,2227.0,2349.0,96.0,15.0
299,2015,4,2238.0,2388.0,99.0,15.0
300,2016,4,2278.0,2444.0,98.0,18.0
301,2017,4,2339.0,2519.0,92.0,30.0
302,2018,4,2407.0,2519.0,94.0,37.0
303,2019,4,2427.0,2515.0,119.0,38.0
304,2020,4,2410.0,2519.0,97.0,36.0
305,1960,5,1289.05,1003.0,98.0,138.4
306,1961,5,1176.03,933.7,110.37,140.73
307,1962,5,1276.69,1160.8,122.88,150.54
308,1963,5,1355.16,1457.2,129.04,192.1
309,1964,5,1421.54,1690.9,127.63,170.31
310,1965,5,1775.26,1520.2,110.63,186.31
311,1966,5,1974.86,1494.5,130.13,253.81
312,1967,5,2309.73,1505.8,143.57,337.9
313,1968,5,2475.64,1711.2,140.92,322.35
314,1969,5,2808.69,1794.4,180.09,297.2
315,1970,5,2924.74,1870.7,234.57,279.29
316,1971,5,2511.89,1925.3,205.24,309.49
317,1972,5,3336.11,2162.5,200.42,300.97
318,1973,5,3065.47,2806.9,200.95,296.74
319,1974,5,3212.47,3036.7,153.98,356.2
320,1975,5,3025.86,3545.1,168.58,471.7
321,1976,5,3557.43,4072.2,164.87,458.4
322,1977,5,2884.57,3709.9,114.36,393.2
323,1978,5,2935.27,3577.7,185.03,445.66
324,1979,5,2843.54,3372.0,114.74,454.04
325,1980,5,2799.33,3673.2,189.21,468.13
326,1981,5,2768.33,3762.4,170.89,363.52
327,1982,5,2869.63,3876.9,155.82,298.02
328,1983,5,3040.54,3810.4,333.06,436.95
329,1984,5,3550.83,4002.1,687.67,449.58
330,1985,5,"3464.6""",3754.4,857.85,503.83
331,1986,5,"3756.4""",3766.9,910.84,703.49
332,1987,5,3650.76,3923.1,563.76,634.23
333,1988,5,3233.15,4383.2,895.23,844.25
334,1989,5,2953.87,4619.7,690.08,702.02
335,1990,5,2120.78,4577.7,572.62,1050.3
336,1991,5,2181.89,4645.0,629.44,967.44
337,1992,5,2288.63,5522.73,380.09,860.2
338,1993,5,2124.41,4459.43,352.28,1277.91
339,1994,5,1792.03,3779.43,569.32,1684.06
340,1995,5,2701.01,4373.85,815.86,1538.42
341,1996,5,3027.97,4543.0,757.2,1611.13
342,1997,5,3362.09,4715.02,1157.0,1530.92
343,1998,5,3236.44,4518.13,621.44,1321.88
344,1999,5,2870.91,4209.82,1099.55,1282.17
345,2000,5,2625.38,4047.66,921.44,1508.84
346,2001,5,2591.59,3718.63,1356.47,1479.91
347,2002,5,2456.0,3333.69,1203.02,1402.35
348,2003,5,2508.99,3390.19,1394.65,1386.51
349,2004,5,2407.72,3051.61,1400.17,1437.3
350,2005,5,2683.27,3312.49,1682.92,1669.65
351,2006,5,2672.1,3389.83,1407.42,1669.3
352,2007,5,3219.33,3581.39,1735.69,1628.87
353,2008,5,3136.28,3499.14,1900.4,1757.29
354,2009,5,3276.78,3942.7,1577.72,1681.68
355,2010,5,3228.07,4190.26,1516.13,2021.61
356,2011,5,3214.61,4383.71,1399.69,2157.76
357,2012,5,3404.13,4476.27,1481.6,2105.52
358,2013,5,3276.61,4500.77,1535.02,2341.63
359,2014,5,3257.35,4421.15,1338.62,2209.92
360,2015,5,2922.51,4609.25,849.55,2326.5
361,2016,5,2995.6,4932.27,772.33,2478.62
362,2017,5,2926.84,5054.34,892.17,2725.35
363,2018,5,3138.83,5310.94,859.03,2839.98
364,2019,5,3168.82,5211.88,857.76,2693.41
365,2020,5,3168.82,5211.88,857.76,2693.41
366,1960,6,967.0,1023.0,224.0,11.0
367,1961,6,959.0,1010.0,212.0,9.0
368,1962,6,970.0,1078.0,176.0,24.0
369,1963,6,1274.0,1382.0,251.0,18.0
370,1964,6,1426.0,1569.0,256.0,19.0
371,1965,6,1372.0,1601.0,172.0,19.0
372,1966,6,1511.0,1603.0,335.0,23.0
373,1967,6,1673.0,1827.0,312.0,20.0
374,1968,6,2093.0,2263.0,377.0,27.0
375,1969,6,1692.0,1739.0,380.0,20.0
376,1970,6,1269.0,1450.0,552.0,24.0
377,1971,6,1599.0,1675.0,461.0,16.0
378,1972,6,1889.0,1979.0,434.0,23.0
379,1973,6,1657.0,1074.0,393.0,10.0
380,1974,6,1305.0,1587.0,419.0,20.0
381,1975,6,1568.0,1825.0,431.0,13.0
382,1976,6,1781.0,1704.0,467.0,18.0
383,1977,6,1821.0,1141.0,568.0,21.0
384,1978,6,2418.0,1683.0,489.0,24.0
385,1979,6,2440.0,1454.0,499.0,16.0
386,1980,6,2571.0,1778.0,607.0,20.0
387,1981,6,2662.0,1412.0,629.0,15.0
388,1982,6,2766.0,1863.0,806.0,13.0
389,1983,6,2227.0,1462.0,628.0,20.0
390,1984,6,2693.0,1849.0,673.0,12.0
391,1985,6,2640.0,1305.0,693.0,20.0
392,1986,6,2376.0,1588.0,730.0,24.0
393,1987,6,2947.0,1732.0,574.0,24.0
394,1988,6,2195.0,1996.0,601.0,10.0
395,1989,6,2576.0,1435.0,602.0,10.0
396,1990,6,2182.0,1068.0,548.0,18.0
397,1991,6,1912.0,1664.0,726.0,27.0
398,1992,6,1993.0,1053.0,983.0,17.0
399,1993,6,1652.0,1102.0,595.0,8.0
400,1994,6,1717.0,952.0,800.0,12.0
401,1995,6,1561.0,1010.0,583.0,9.0
402,1996,6,1987.0,1315.0,714.0,13.0
403,1997,6,2012.0,1487.0,577.0,15.0
404,1998,6,1705.0,1186.0,569.0,19.0
405,1999,6,1385.0,1046.0,385.0,20.0
406,2000,6,1947.0,1290.0,710.0,26.0
407,2001,6,2067.0,1200.0,924.0,29.0
408,2002,6,2321.0,1394.0,985.0,29.0
409,2003,6,2493.0,1414.0,1155.0,39.0
410,2004,6,2921.0,1582.0,1406.0,33.0
411,2005,6,3058.0,1590.0,1533.0,34.0
412,2006,6,3080.0,1322.0,1834.0,50.0
413,2007,6,3684.0,1701.0,2051.0,36.0
414,2008,6,3287.0,1268.0,2085.0,38.0
415,2009,6,3147.0,1315.0,1903.0,42.0
416,2010,6,3281.0,1147.0,2182.0,27.0
417,2011,6,3220.0,1304.0,1973.0,26.0
418,2012,6,3114.0,1250.0,1943.0,56.0
419,2013,6,3181.0,1357.0,1920.0,65.0
420,2014,6,2707.0,1356.0,1457.0,44.0
421,2015,6,2491.0,1274.0,1239.0,53.0
422,2016,6,2423.0,1343.0,1157.0,47.0
423,2017,6,2514.0,1171.0,1431.0,51.0
424,2018,6,2927.0,1457.0,1566.0,57.0
425,2019,6,2879.0,1530.0,1452.0,56.0
426,2020,6,2984.0,1600.0,1513.0,52.0
427,1960,7,11708.72,34523.0,3107.0,139.0
428,1961,7,12011.71,34675.0,3204.0,132.0
429,1962,7,12310.62,35751.0,3421.0,143.0
430,1963,7,12592.86,34632.0,3352.0,134.0
431,1964,7,12866.9,35680.0,3285.0,135.0
432,1965,7,13123.04,40149.0,3659.0,161.0
433,1966,7,13355.43,41977.0,3564.0,156.0
434,1967,7,13585.22,44625.0,3765.0,169.0
435,1968,7,13798.93,45883.0,3878.0,174.0
436,1969,7,14015.53,44852.0,3785.0,180.0
437,1970,7,14235.57,45371.0,3854.0,178.0
438,1971,7,14433.26,45228.0,3867.0,181.0
439,1972,7,14660.72,44310.0,3987.0,178.0
440,1973,7,14892.45,47015.0,4023.0,189.0
441,1974,7,15121.99,48930.0,4143.0,201.0
442,1975,7,15365.12,48066.0,4234.0,192.0
443,1976,7,15619.47,46752.0,4385.0,194.0
444,1977,7,15880.48,49702.0,4044.0,168.0
445,1978,7,16143.2,49303.0,4023.0,178.0
446,1979,7,16425.29,48872.0,3954.0,199.0
447,1980,7,16647.1,46823.0,3865.0,196.0
448,1981,7,16886.88,45453.0,3943.0,196.0
449,1982,7,17134.6,47403.0,3843.0,194.0
450,1983,7,17404.0,50211.0,3985.0,199.0
451,1984,7,17691.3,50421.0,3986.0,198.0
452,1985,7,17968.78,50169.0,4232.0,201.0
453,1986,7,18252.51,52217.0,4236.0,214.0
454,1987,7,18572.69,52880.0,4300.0,235.0
455,1988,7,18889.0,54534.0,4300.0,210.8
456,1989,7,19235.09,55742.0,4504.3,236.2
457,1990,7,19433.27,55715.0,2587.0,219.0
458,1991,7,19677.71,51343.0,1567.0,254.0
459,1992,7,19874.28,47234.0,956.0,282.0
460,1993,7,20045.22,46521.0,740.0,394.0
461,1994,7,20181.87,42173.0,1226.0,2068.0
462,1995,7,20360.57,39305.0,1300.0,1696.0
463,1996,7,20501.84,35818.0,1550.0,1512.0
464,1997,7,20629.54,34135.0,2401.0,1198.0
465,1998,7,20761.78,33255.0,1684.0,1146.0
466,1999,7,20888.4,32300.0,2011.0,834.0
467,2000,7,20959.27,32276.0,845.0,1590.0
468,2001,7,21037.73,32905.0,1179.0,939.0
469,2002,7,21035.14,33504.0,1122.0,876.0
470,2003,7,21166.37,33373.0,1637.0,547.0
471,2004,7,21210.01,32173.0,2013.0,486.0
472,2005,7,20978.8,31147.0,2420.0,425.0
473,2006,7,20933.38,31436.0,2026.0,415.0
474,2007,7,21025.94,32175.0,2258.0,409.0
475,2008,7,21003.1,32357.0,2460.0,401.0
476,2009,7,21813.47,32565.0,2415.0,352.0
477,2010,7,22499.9,31841.0,3588.0,261.0
478,2011,7,22501.3,31640.0,3044.0,232.0
479,2012,7,22951.96,31750.0,4151.0,337.0
480,2013,7,23248.02,30523.0,5004.0,345.0
481,2014,7,22886.14,30785.0,2577.0,190.0
482,2015,7,23326.7,30791.0,1807.0,193.0
483,2016,7,23968.85,29782.0,1957.0,215.0
484,2017,7,23385.93,30179.0,2073.0,192.0
485,2018,7,23398.05,30606.0,2148.0,175.0
486,2019,7,23325.62,31354.0,2547.0,211.0
487,2020,7,23320.52,32219.0,2707.0,301.0
488,1960,8,21.0,7.0,9.0,0.0
489,1961,8,25.0,8.0,5.0,0.0
490,1962,8,22.0,3.0,11.0,0.0
491,1963,8,33.0,5.0,18.0,0.0
492,1964,8,42.0,6.0,32.0,0.0
493,1965,8,58.0,7.0,40.0,0.0
494,1966,8,65.0,3.0,44.0,0.0
495,1967,8,75.0,7.0,56.0,0.0
496,1968,8,91.0,11.0,57.0,0.0
497,1969,8,85.0,6.0,53.0,3.0
498,1970,8,96.0,7.0,62.0,1.0
499,1971,8,79.0,11.0,63.0,2.0
500,1972,8,87.0,13.0,71.0,0.0
501,1973,8,97.0,14.0,82.0,1.0
502,1974,8,96.0,9.0,86.0,0.0
503,1975,8,86.0,7.0,76.0,0.0
504,1976,8,102.0,5.0,91.0,1.0
505,1977,8,96.0,6.0,87.0,0.0
506,1978,8,84.0,6.0,74.0,0.0
507,1979,8,81.0,6.0,71.0,0.0
508,1980,8,78.0,10.0,66.0,0.0
509,1981,8,60.0,11.0,55.0,0.0
510,1982,8,101.0,18.0,87.0,0.0
511,1983,8,100.0,15.0,99.0,0.0
512,1984,8,82.0,17.0,83.0,0.0
513,1985,8,77.0,21.0,52.0,0.0
514,1986,8,58.0,11.0,56.0,0.0
515,1987,8,70.0,12.0,68.0,0.0
516,1988,8,58.0,13.0,45.0,0.0
517,1989,8,57.0,14.0,43.0,0.0
518,1990,8,31.0,14.0,17.0,0.0
519,1991,8,18.0,7.0,11.0,0.0
520,1992,8,12.0,4.0,10.0,1.0
521,1993,8,12.0,5.0,9.0,1.0
522,1994,8,31.0,8.0,24.0,1.0
523,1995,8,38.0,9.0,29.0,0.0
524,1996,8,38.0,9.0,30.0,1.0
525,1997,8,38.0,9.0,31.0,1.0
526,1998,8,48.0,12.0,38.0,2.0
527,1999,8,16.0,10.0,17.0,12.0
528,2000,8,24.0,15.0,24.0,15.0
529,2001,8,49.0,19.0,48.0,18.0
530,2002,8,47.0,12.0,47.0,9.0
531,2003,8,72.0,13.0,73.0,12.0
532,2004,8,91.0,25.0,92.0,25.0
533,2005,8,89.0,11.0,89.0,12.0
534,2006,8,89.0,5.0,91.0,11.0
535,2007,8,119.0,12.0,127.0,14.0
536,2008,8,155.0,8.0,159.0,8.0
537,2009,8,125.0,9.0,124.0,18.0
538,2010,8,141.0,9.0,145.0,12.0
539,2011,8,149.0,10.0,154.0,6.0
540,2012,8,156.0,11.0,161.0,25.0
541,2013,8,137.0,13.0,138.0,21.0
542,2014,8,50.0,15.0,57.0,35.0
543,2015,8,21.0,16.0,26.0,40.0
544,2016,8,23.0,21.0,26.0,42.0
545,2017,8,30.0,18.0,35.0,41.0
546,2018,8,42.0,20.0,41.0,18.0
547,2019,8,54.0,20.0,52.0,15.0
548,2020,8,50.0,21.0,49.0,17.0
549,1960,9,1513.0,1237.0,419.0,131.0
550,1961,9,1605.0,1286.0,423.0,123.0
551,1962,9,1705.0,1528.0,419.0,153.0
552,1963,9,1760.0,1613.0,453.0,237.0
553,1964,9,1729.0,1587.0,442.0,169.0
554,1965,9,1773.0,2108.0,421.0,221.0
555,1966,9,1807.0,2009.0,432.0,428.0
556,1967,9,1880.0,2240.0,461.0,671.0
557,1968,9,1863.0,2384.0,487.0,714.0
558,1969,9,1845.0,2295.0,435.0,656.0
559,1970,9,1906.0,2146.0,462.0,351.0
560,1971,9,2258.0,2133.0,462.0,379.0
561,1972,9,2320.0,2004.0,502.0,395.0
562,1973,9,2545.0,2714.0,470.0,342.0
563,1974,9,2406.0,2565.0,460.0,481.0
564,1975,9,2529.0,2471.0,586.0,389.0
565,1976,9,2578.0,2642.0,590.0,293.0
566,1977,9,2640.0,2725.0,604.0,232.0
567,1978,9,2687.0,2932.0,610.0,152.0
568,1979,9,2627.0,3852.0,622.0,119.0
569,1980,9,2644.0,3612.0,648.0,125.0
570,1981,9,3414.0,3568.0,610.0,117.0
571,1982,9,3781.0,3622.0,617.0,113.0
572,1983,9,3820.0,3880.0,771.0,109.0
573,1984,9,3783.0,3763.0,757.0,104.0
574,1985,9,3777.0,3629.0,788.0,132.0
575,1986,9,3774.0,4527.0,745.0,139.0
576,1987,9,3863.0,4481.0,761.0,120.0
577,1988,9,3041.0,4672.0,761.0,151.0
578,1989,9,3058.0,4140.0,728.0,143.0
579,1990,9,3591.0,4231.0,776.0,115.0
580,1991,9,3465.0,4110.0,897.0,97.0
581,1992,9,3821.0,4483.0,968.0,80.0
582,1993,9,3940.0,4538.0,642.0,93.0
583,1994,9,3405.0,3423.0,607.0,205.0
584,1995,9,3497.0,3018.0,1427.0,46.0
585,1996,9,3349.0,2996.0,1018.0,82.0
586,1997,9,3346.0,2710.0,1996.0,83.0
587,1998,9,3372.0,2652.0,1460.0,86.0
588,1999,9,3441.0,2722.0,1728.0,83.0
589,2000,9,3633.0,3775.0,1330.0,429.0
590,2001,9,3697.0,3628.0,1709.0,271.0
591,2002,9,3709.0,3609.0,1825.0,191.0
592,2003,9,3882.0,4414.0,1654.0,213.0
593,2004,9,3984.0,4919.0,1483.0,356.0
594,2005,9,4133.0,5436.0,1708.0,704.0
595,2006,9,4382.0,6540.0,1583.0,1505.0
596,2007,9,4346.0,6517.0,1710.0,1368.0
597,2008,9,4368.0,5908.0,1895.0,1201.0
598,2009,9,4418.0,7240.0,1392.0,1840.0
599,2010,9,4602.0,6753.0,1771.0,1197.0
600,2011,9,4656.0,6787.0,1671.0,1371.0
601,2012,9,4778.0,9004.0,1576.0,3484.0
602,2013,9,4973.0,8564.0,1698.0,3464.0
603,2014,9,5254.0,10954.0,1430.0,4353.0
604,2015,9,5085.0,10304.0,1470.0,3847.0
605,2016,9,5340.0,11311.0,1461.0,4643.0
606,2017,9,5275.0,12466.0,1530.0,5911.0
607,2018,9,5275.0,12611.0,1806.0,5764.0
608,2019,9,5176.0,14263.0,1925.0,8021.0
609,2020,9,5334.0,15577.0,1855.0,8405.0
610,1960,10,701.0,3100.0,0.0,6.0
611,1961,10,703.0,3008.0,0.0,10.0
612,1962,10,804.0,4852.0,0.0,4.0
613,1963,10,904.0,5934.0,0.0,16.0
614,1964,10,100.0,7710.0,0.0,18.0
615,1965,10,914.0,4255.0,0.0,21.0
616,1966,10,885.0,4360.0,0.0,536.0
617,1967,10,865.0,3792.0,0.0,428.0
618,1968,10,864.0,4432.0,0.0,63.0
619,1969,10,874.0,4844.0,0.0,116.0
620,1970,10,875.0,4508.0,0.0,393.0
621,1971,10,885.0,4420.0,0.0,41.0
622,1972,10,896.0,4580.0,0.0,130.0
623,1973,10,835.0,5581.0,0.0,32.0
624,1974,10,864.0,5000.0,0.0,30.0
625,1975,10,925.0,3700.0,0.0,39.0
626,1976,10,917.0,5335.0,0.0,28.0
627,1977,10,886.0,5180.0,0.0,32.0
628,1978,10,786.0,4005.0,0.0,43.0
629,1979,10,748.0,3200.0,0.0,52.0
630,1980,10,725.0,5040.0,0.0,54.0
631,1981,10,696.0,3478.0,0.0,32.0
632,1982,10,686.0,3340.0,0.0,44.0
633,1983,10,600.0,3425.0,0.0,39.0
634,1984,10,560.0,3408.0,9.0,47.0
635,1985,10,602.0,3860.0,10.0,61.0
636,1986,10,397.0,3578.0,8.0,64.0
637,1987,10,442.0,3460.0,10.0,66.0
638,1988,10,388.0,3760.0,4.0,62.0
639,1989,10,433.0,3336.0,0.0,60.0
640,1990,10,499.0,3660.0,8.0,52.0
641,1991,10,419.0,3255.0,4.0,50.0
642,1992,10,450.0,2607.0,1.0,13.0
643,1993,10,400.0,2526.0,0.0,34.0
644,1994,10,365.0,2287.0,0.0,52.0
645,1995,10,220.0,1212.0,0.0,123.0
646,1996,10,200.0,1323.0,19.0,11.0
647,1997,10,150.0,1196.0,21.0,2.0
648,1998,10,120.0,660.0,12.0,10.0
649,1999,10,130.0,598.0,36.0,1.0
650,2000,10,160.0,815.0,44.0,2.0
651,2001,10,150.0,1272.0,40.0,19.0
652,2002,10,170.0,1268.0,5.0,131.0
653,2003,10,230.0,1052.0,5.0,44.0
654,2004,10,250.0,1243.0,8.0,88.0
655,2005,10,250.0,1127.0,10.0,89.0
656,2006,10,260.0,1151.0,12.0,92.0
657,2007,10,220.0,863.0,7.0,21.0
658,2008,10,250.0,1257.0,16.0,41.0
659,2009,10,260.0,1349.0,11.0,255.0
660,2010,10,260.0,1218.0,10.0,152.0
661,2011,10,260.0,2021.0,12.0,461.0
662,2012,10,260.0,1660.0,8.0,593.0
663,2013,10,260.0,1350.0,9.0,336.0
664,2014,10,261.0,1503.0,11.0,312.0
665,2015,10,258.0,1716.0,10.0,588.0
666,2016,10,258.0,2198.0,11.0,702.0
667,2017,10,260.0,3286.0,12.0,1043.0
668,2018,10,263.0,2304.0,9.0,1144.0
669,2019,10,245.0,2369.0,13.0,595.0
670,2020,10,300.0,2740.0,13.0,712.0
671,1960,11,1546.0,1542.0,0.0,0.0
672,1961,11,1667.0,1704.0,0.0,0.0
673,1962,11,1971.0,1011.0,0.0,0.0
674,1963,11,1224.0,1267.0,0.0,0.0
675,1964,11,1785.0,1813.0,0.0,0.0
676,1965,11,1112.0,1143.0,0.0,0.0
677,1966,11,1420.0,1465.0,0.0,0.0
678,1967,11,1260.0,1456.0,3.0,0.0
679,1968,11,1042.0,1079.0,5.0,0.0
680,1969,11,1903.0,1094.0,5.0,0.0
681,1970,11,1036.0,1543.0,1.0,0.0
682,1971,11,1609.0,2277.0,0.0,0.0
683,1972,11,1236.0,2445.0,0.0,0.0
684,1973,11,1639.0,2081.0,0.0,0.0
685,1974,11,1998.0,2515.0,0.0,0.0
686,1975,11,2693.0,2749.0,3.0,0.0
687,1976,11,2560.0,2228.0,4.0,0.0
688,1977,11,2749.0,2950.0,2.0,0.0
689,1978,11,2304.0,2302.0,56.0,0.0
690,1979,11,2379.0,2266.0,169.0,0.0
691,1980,11,2468.0,2183.0,185.0,0.0
692,1981,11,2224.0,2219.0,215.0,0.0
693,1982,11,2423.0,2273.0,205.0,0.0
694,1983,11,2954.0,2760.0,254.0,0.0
695,1984,11,2080.0,2927.0,215.0,0.0
696,1985,11,2287.0,2853.0,388.0,0.0
697,1986,11,2825.0,2047.0,311.0,0.0
698,1987,11,2335.0,2299.0,354.0,0.0
699,1988,11,2819.0,2595.0,307.0,0.0
700,1989,11,2935.0,2700.0,194.0,0.0
701,1990,11,2768.0,2654.0,360.0,0.0
702,1991,11,2974.0,2997.0,402.0,0.0
703,1992,11,2912.0,2784.0,342.0,0.0
704,1993,11,2837.0,2432.0,415.0,0.0
705,1994,11,2339.0,2103.0,429.0,2.0
706,1995,11,2458.0,1865.0,578.0,2.0
707,1996,11,2423.0,1705.0,578.0,9.0
708,1997,11,1939.0,1546.0,774.0,17.0
709,1998,11,2173.0,1505.0,760.0,9.0
710,1999,11,2281.0,1485.0,499.0,5.0
711,2000,11,1943.0,1569.0,252.0,13.0
712,2001,11,1905.0,1498.0,422.0,13.0
713,2002,11,2162.0,1583.0,658.0,13.0
714,2003,11,2317.0,1706.0,569.0,17.0
715,2004,11,2133.0,1643.0,516.0,21.0
716,2005,11,2104.0,1520.0,622.0,32.0
717,2006,11,2309.0,1641.0,709.0,39.0
718,2007,11,2574.0,1873.0,750.0,46.0
719,2008,11,2872.0,2042.0,895.0,59.0
720,2009,11,2843.0,2169.0,731.0,52.0
721,2010,11,3133.0,2331.0,832.0,26.0
722,2011,11,3252.0,2428.0,889.0,58.0
723,2012,11,3526.0,2559.0,1030.0,54.0
724,2013,11,3665.0,2816.0,919.0,64.0
725,2014,11,3487.0,2974.0,580.0,63.0
726,2015,11,3477.0,3099.0,443.0,62.0
727,2016,11,3679.0,3355.0,403.0,75.0
728,2017,11,3864.0,3516.0,436.0,84.0
729,2018,11,3789.0,3744.0,143.0,92.0
730,2019,11,3952.0,3937.0,147.0,126.0
731,2020,11,4115.0,4282.0,59.0,220.0
732,1960,12,18745.0,25656.0,170.7,30.6
733,1961,12,18945.0,27822.3,203.0,23.0
734,1962,12,19236.0,22993.4,153.0,50.0
735,1963,12,19483.0,23705.2,211.0,53.0
736,1964,12,11941.0,30901.8,192.0,40.0
737,1965,12,12793.0,29263.0,233.0,192.0
738,1966,12,11527.0,28991.4,203.0,191.0
739,1967,12,10915.0,31503.1,114.0,140.0
740,1968,12,11935.0,33710.9,118.0,227.0
741,1969,12,11512.0,30287.0,139.0,204.0
742,1970,12,11560.0,31938.3,94.0,192.0
743,1971,12,11372.0,30576.1,58.0,146.0
744,1972,12,19695.0,25848.5,136.0,84.0
745,1973,12,10469.0,35700.6,354.0,80.0
746,1974,12,11256.0,26737.2,206.0,165.0
747,1975,12,10527.0,29271.9,260.0,113.0
748,1976,12,10544.0,28083.6,139.0,168.0
749,1977,12,11083.0,27605.1,622.0,177.0
750,1978,12,10567.0,28420.9,312.0,161.0
751,1979,12,10294.0,30015.4,584.0,173.0
752,1980,12,18944.0,22117.5,233.0,172.0
753,1981,12,18111.0,23805.8,1034.0,130.0
754,1982,12,19705.0,35801.0,1035.0,160.0
755,1983,12,19953.0,37359.6,1007.0,189.0
756,1984,12,10260.0,38219.9,712.0,226.0
757,1985,12,18864.0,34092.9,750.0,237.0
758,1986,12,19985.0,38771.3,710.0,213.0
759,1987,12,19725.0,35049.6,393.0,211.0
760,1988,12,18275.0,30692.6,609.0,183.0
761,1989,12,18157.0,33827.6,867.0,159.0
762,1990,12,18860.0,30990.6,654.0,169.0
763,1991,12,12676.0,31396.5,548.0,169.0
764,1992,12,17566.0,34330.0,433.0,158.0
765,1993,12,18913.0,37650.0,236.0,147.0
766,1994,12,18161.0,33828.0,135.0,39.0
767,1995,12,18437.0,39909.0,72.0,47.0
768,1996,12,18583.0,38652.0,110.0,55.0
769,1997,12,19297.0,37040.0,181.0,37.0
770,1998,12,18229.0,31418.0,254.0,31.0
771,1999,12,17405.0,31344.0,560.0,11.0
772,2000,12,16150.0,33979.0,553.0,18.0
773,2001,12,15993.0,34965.0,233.0,28.0
774,2002,12,15512.0,32871.0,341.0,11.0
775,2003,12,15912.0,36747.0,686.0,23.0
776,2004,12,15713.0,35914.0,372.0,23.0
777,2005,12,15851.0,37280.0,715.0,28.0
778,2006,12,15998.0,38573.0,728.0,69.0
779,2007,12,15726.0,36784.0,561.0,118.0
780,2008,12,16139.0,28846.0,852.0,45.0
781,2009,12,16241.0,31134.0,680.0,77.0
782,2010,12,15094.0,21141.0,979.0,73.0
783,2011,12,15986.0,32681.0,1760.0,43.0
784,2012,12,16130.0,29533.0,725.0,35.0
785,2013,12,16178.0,30199.0,734.0,52.0
786,2014,12,16090.0,31501.0,830.0,40.0
787,2015,12,16317.0,33646.0,671.0,168.0
788,2016,12,13955.0,22463.0,408.0,230.0
789,2017,12,13147.0,21708.0,705.0,194.0
790,2018,12,13828.0,22395.0,725.0,197.0
791,2019,12,13111.0,22075.0,422.0,352.0
792,2020,12,12720.0,19607.0,412.0,444.0
793,1960,13,821.0,817.0,4.0,1.0
794,1961,13,817.0,813.0,5.0,1.0
795,1962,13,827.0,822.0,5.0,0.0
796,1963,13,808.0,802.0,6.0,0.0
797,1964,13,622.0,606.0,16.0,0.0
798,1965,13,713.0,696.0,17.0,0.0
799,1966,13,758.0,745.0,13.0,0.0
800,1967,13,792.0,764.0,28.0,0.0
801,1968,13,844.0,817.0,27.0,0.0
802,1969,13,891.0,866.0,26.0,1.0
803,1970,13,1132.0,1071.0,61.0,0.0
804,1971,13,1270.0,1183.0,87.0,0.0
805,1972,13,1282.0,1237.0,45.0,0.0
806,1973,13,1338.0,1295.0,43.0,0.0
807,1974,13,1496.0,420.0,76.0,0.0
808,1975,13,1573.0,525.0,48.0,0.0
809,1976,13,1472.0,414.0,58.0,0.0
810,1977,13,1808.0,691.0,124.0,7.0
811,1978,13,1953.0,902.0,51.0,0.0
812,1979,13,1174.0,1034.0,140.0,0.0
813,1980,13,1295.0,1136.0,159.0,2.0
814,1981,13,1508.0,1255.0,253.0,2.0
815,1982,13,1685.0,1425.0,260.0,2.0
816,1983,13,1802.0,1596.0,206.0,2.0
817,1984,13,1800.0,1686.0,114.0,2.0
818,1985,13,1957.0,1816.0,141.0,2.0
819,1986,13,1163.0,1988.0,175.0,2.0
820,1987,13,1296.0,1127.0,169.0,2.0
821,1988,13,1414.0,1235.0,179.0,2.0
822,1989,13,1436.0,1300.0,136.0,0.0
823,1990,13,1561.0,1284.0,277.0,0.0
824,1991,13,1253.0,1093.0,160.0,0.0
825,1992,13,1484.0,1428.0,256.0,0.0
826,1993,13,1455.0,1277.0,179.0,1.0
827,1994,13,1599.0,1068.0,538.0,7.0
828,1995,13,1717.0,859.0,864.0,6.0
829,1996,13,1437.0,690.0,765.0,19.0
830,1997,13,1751.0,630.0,1126.0,5.0
831,1998,13,1513.0,690.0,826.0,3.0
832,1999,13,980.0,48.0,233.0,1.0
833,2000,13,1442.0,755.0,691.0,3.0
834,2001,13,2141.0,862.0,1390.0,4.0
835,2002,13,2317.0,938.0,1381.0,1.0
836,2003,13,2341.0,1030.0,1205.0,1.0
837,2004,13,2268.0,1152.0,1117.0,1.0
838,2005,13,2506.0,1346.0,1333.0,10.0
839,2006,13,2859.0,1580.0,1282.0,3.0
840,2007,13,3165.0,1869.0,1300.0,3.0
841,2008,13,3223.0,2001.0,1229.0,6.0
842,2009,13,3278.0,2313.0,972.0,5.0
843,2010,13,3205.0,2563.0,659.0,7.0
844,2011,13,3314.0,2895.0,434.0,2.0
845,2012,13,3818.0,3299.0,543.0,11.0
846,2013,13,3928.0,3457.0,530.0,3.0
847,2014,13,4151.0,3770.0,452.0,9.0
848,2015,13,4278.0,4088.0,252.0,6.0
849,2016,13,4345.0,4232.0,222.0,9.0
850,2017,13,4634.0,4542.0,226.0,16.0
851,2018,13,4558.0,4543.0,225.0,93.0
852,2019,13,4572.0,4606.0,232.0,23.0
853,2020,13,4491.0,4577.0,229.0,24.0
854,1960,14,374.0,150.0,140.0,110.0
855,1961,14,350.0,153.0,120.0,110.0
856,1962,14,472.0,169.0,346.0,120.0
857,1963,14,382.0,233.0,199.0,120.0
858,1964,14,615.0,292.0,373.0,150.0
859,1965,14,552.0,362.0,244.0,130.0
860,1966,14,661.0,442.0,283.0,140.0
861,1967,14,891.0,556.0,408.0,140.0
862,1968,14,850.0,660.0,267.0,140.0
863,1969,14,939.0,686.0,335.0,150.0
864,1970,14,1031.0,794.0,331.0,180.0
865,1971,14,1119.0,886.0,341.0,150.0
866,1972,14,1116.0,1022.0,287.0,290.0
867,1973,14,1057.0,1094.0,158.0,250.0
868,1974,14,1122.0,1187.0,199.0,150.0
869,1975,14,1398.0,1247.0,286.0,160.0
870,1976,14,1438.0,1041.0,332.0,110.0
871,1977,14,1702.0,1074.0,472.0,190.0
872,1978,14,1585.0,1010.0,425.0,140.0
873,1979,14,1962.0,1088.0,647.0,210.0
874,1980,14,1066.0,1030.0,713.0,170.0
875,1981,14,1173.0,1043.0,131.0,160.0
876,1982,14,1142.0,1038.0,881.0,210.0
877,1983,14,1076.0,1021.0,331.0,240.0
878,1984,14,945.0,1094.0,154.0,530.0
879,1985,14,997.0,1001.0,386.0,240.0
880,1986,14,911.0,1004.0,508.0,750.0
881,1987,14,906.0,1019.0,616.0,750.0
882,1988,14,864.0,1032.0,511.0,230.0
883,1989,14,951.0,1003.0,656.0,630.0
884,1990,14,600.0,1045.0,328.0,360.0
885,1991,14,590.0,1025.0,320.0,210.0
886,1992,14,874.3,754.0,261.9,253.8
887,1993,14,795.9,688.0,253.8,246.3
888,1994,14,784.1,523.0,253.7,238.6
889,1995,14,773.2,462.0,246.3,240.5
890,1996,14,711.6,389.0,245.2,239.0
891,1997,14,723.4,328.0,254.8,254.8
892,1998,14,793.1,412.0,267.3,217.9
893,1999,14,801.4,443.0,303.5,206.7
894,2000,14,833.7,584.0,325.7,199.9
895,2001,14,840.1,496.0,348.7,221.9
896,2002,14,839.4,488.0,467.4,206.8
897,2003,14,855.2,448.0,465.9,202.6
898,2004,14,879.2,470.0,465.4,191.4
899,2005,14,868.1,571.0,365.4,199.5
900,2006,14,940.3,681.0,357.5,221.6
901,2007,14,998.3,705.0,333.7,220.7
902,2008,14,1001.3,738.0,271.2,265.9
903,2009,14,1101.4,913.0,257.1,311.4
904,2010,14,1120.4,1061.0,227.3,302.5
905,2011,14,1290.6,1056.0,191.0,285.8
906,2012,14,1240.9,1052.0,211.2,333.7
907,2013,14,1196.5,926.0,249.8,142.1
908,2014,14,1159.0,1049.0,533.0,298.0
909,2015,14,1167.0,1110.0,428.0,271.0
910,2016,14,1240.0,1081.0,569.0,315.0
911,2017,14,1210.0,987.0,532.0,296.0
912,2018,14,1108.0,1038.0,337.0,212.0
913,2019,14,1079.0,1099.0,367.0,232.0
914,2020,14,1191.0,1142.0,378.0,226.0
915,1960,15,5487.0,14356.0,0.0,97.0
916,1961,15,5798.0,15044.0,0.0,109.0
917,1962,15,5977.0,15322.0,0.0,130.0
918,1963,15,6784.0,10690.0,0.0,118.0
919,1964,15,5480.0,12257.0,0.0,151.0
920,1965,15,5998.0,14660.0,0.0,240.0
921,1966,15,5295.0,11830.0,0.0,277.0
922,1967,15,5080.0,11687.0,0.0,338.0
923,1968,15,5483.0,12708.0,0.0,223.0
924,1969,15,5376.0,9850.0,0.0,224.0
925,1970,15,5891.0,11675.0,0.0,175.0
926,1971,15,6230.0,11508.0,0.0,120.0
927,1972,15,5928.0,8670.0,100.0,95.0
928,1973,15,4167.0,9680.0,130.0,55.0
929,1974,15,5715.0,13700.0,691.0,31.0
930,1975,15,6964.0,8160.0,0.0,13.0
931,1976,15,5307.0,12590.0,0.0,12.0
932,1977,15,5498.0,7630.0,45.0,11.0
933,1978,15,5622.0,12250.0,71.0,0.0
934,1979,15,6039.0,7295.0,144.0,20.0
935,1980,15,5270.0,8959.0,449.0,10.0
936,1981,15,5054.0,8611.0,411.0,30.0
937,1982,15,4023.0,13630.0,300.0,20.0
938,1983,15,3584.0,15909.0,0.0,10.0
939,1984,15,3631.0,12749.0,181.0,30.0
940,1985,15,2318.0,14300.0,224.0,20.0
941,1986,15,2523.0,13800.0,0.0,10.0
942,1987,15,1164.0,16092.0,0.0,20.0
943,1988,15,1365.0,16877.0,0.0,18.0
944,1989,15,1437.0,18288.0,0.0,16.0
945,1990,15,1112.0,22179.0,0.0,29.0
946,1991,15,1388.0,14704.0,105.0,100.0
947,1992,15,1692.0,13887.0,1774.0,50.0
948,1993,15,1974.0,9166.0,351.0,60.0
949,1994,15,1935.0,5989.0,5.0,25.0
950,1995,15,1773.0,4098.0,44.0,327.0
951,1996,15,1327.0,5934.0,297.0,12.0
952,1997,15,1260.0,7478.0,5.0,32.0
953,1998,15,1304.0,3269.0,6.0,51.0
954,1999,15,1396.0,4782.0,496.0,22.0
955,2000,15,1367.0,5444.0,296.0,1.0
956,2001,15,1398.0,6632.0,67.0,4.0
957,2002,15,1464.0,7127.0,1.0,51.0
958,2003,15,1351.0,4152.0,5.0,429.0
959,2004,15,1282.0,2872.0,146.0,4.0
960,2005,15,1282.0,3628.0,44.0,8.0
961,2006,15,1361.0,2959.0,71.0,10.0
962,2007,15,1538.0,3909.0,32.0,137.0
963,2008,15,1385.0,4505.0,51.0,29.0
964,2009,15,1282.0,4333.0,33.0,13.0
965,2010,15,1333.0,1636.0,94.0,14.0
966,2011,15,1359.0,2971.0,98.0,89.0
967,2012,15,1028.0,2132.0,32.0,287.0
968,2013,15,1090.0,3360.0,51.0,55.0
969,2014,15,904.0,3281.0,0.0,96.0
970,2015,15,889.0,2087.0,4.0,124.0
971,2016,15,789.0,2548.0,9.0,4.0
972,2017,15,764.0,2549.0,1.0,38.0
973,2018,15,809.0,1916.0,0.0,262.0
974,2019,15,809.0,1428.0,16.0,60.0
975,2020,15,781.0,2378.0,78.0,12.0
976,1960,16,4760.0,1400.0,2300.0,344.0
977,1961,16,4745.0,1338.0,2605.0,353.0
978,1962,16,5078.0,1522.0,2493.0,364.0
979,1963,16,5007.0,1016.0,1148.0,374.0
980,1964,16,5088.0,1022.0,1873.0,382.0
981,1965,16,5074.0,1196.0,2345.0,259.0
982,1966,16,5056.0,1966.0,1849.0,108.0
983,1967,16,5011.0,1000.0,2489.0,112.0
984,1968,16,5010.0,1587.0,1763.0,141.0
985,1969,16,5081.0,1853.0,1341.0,117.0
986,1970,16,5234.0,1293.0,3012.0,117.0
987,1971,16,5524.0,1021.0,1546.0,110.0
988,1972,16,5438.0,1315.0,1933.0,163.0
989,1973,16,5078.0,2538.0,2636.0,155.0
990,1974,16,5099.0,2730.0,1876.0,112.0
991,1975,16,5313.0,2702.0,3242.0,167.0
992,1976,16,5694.0,2350.0,3763.0,187.0
993,1977,16,5938.0,2825.0,4789.0,195.0
994,1978,16,5154.0,2000.0,3999.0,184.0
995,1979,16,5026.0,2700.0,4089.0,250.0
996,1980,16,5818.0,2150.0,4994.0,170.0
997,1981,16,5949.0,2200.0,5215.0,192.0
998,1982,16,5069.0,2400.0,7385.0,275.0
999,1983,16,5083.0,2760.0,6028.0,168.0
1000,1984,16,5252.0,2685.0,5776.0,208.0
1001,1985,16,5719.0,2260.0,4529.0,181.0
1002,1986,16,5389.0,2700.0,5196.0,330.0
1003,1987,16,5509.0,2565.0,5072.0,175.0
1004,1988,16,5513.0,2913.0,4247.0,233.0
1005,1989,16,5254.0,2565.0,5646.0,187.0
1006,1990,16,5073.0,2428.0,4096.0,148.0
1007,1991,16,5321.0,2638.0,4919.0,131.0
1008,1992,16,5046.0,2663.0,5305.0,9.0
1009,1993,16,5265.0,2862.0,4892.0,2.0
1010,1994,16,5222.0,1859.0,2475.0,145.0
1011,1995,16,5389.0,2322.0,3345.0,158.0
1012,1996,16,5593.0,1945.0,3438.0,253.0
1013,1997,16,5603.0,1436.0,3713.0,63.0
1014,1998,16,5816.0,1466.0,4230.0,67.0
1015,1999,16,6013.0,1819.0,5997.0,164.0
1016,2000,16,6014.0,1836.0,4980.0,195.0
1017,2001,16,6097.0,1896.0,5679.0,172.0
1018,2002,16,6392.0,2044.0,4685.0,257.0
1019,2003,16,6439.0,2461.0,4375.0,103.0
1020,2004,16,6691.0,2904.0,2896.0,163.0
1021,2005,16,6961.0,3326.0,3161.0,185.0
1022,2006,16,7246.0,3929.0,2871.0,219.0
1023,2007,16,7323.0,4138.0,3737.0,367.0
1024,2008,16,7293.0,4347.0,2659.0,95.0
1025,2009,16,6922.0,4115.0,1496.0,183.0
1026,2010,16,6778.0,3478.0,2380.0,77.0
1027,2011,16,7018.0,5483.0,2571.0,125.0
1028,2012,16,6998.0,6052.0,787.0,145.0
1029,2013,16,7001.0,5672.0,846.0,85.0
1030,2014,16,11052.0,11614.0,1479.0,259.0
1031,2015,16,11238.0,12329.0,1372.0,536.0
1032,2016,16,11038.0,12533.0,942.0,457.0
1033,2017,16,11202.0,13089.0,707.0,958.0
1034,2018,16,10022.0,11506.0,806.0,832.0
1035,2019,16,9185.0,12085.0,724.0,1225.0
1036,2020,16,8947.0,10578.0,644.0,1859.0
1037,1960,17,50.0,38.0,14.0,5.0
1038,1961,17,49.0,40.0,15.0,6.0
1039,1962,17,52.0,44.0,16.0,8.0
1040,1963,17,62.0,48.0,22.0,7.0
1041,1964,17,71.0,47.0,33.0,9.0
1042,1965,17,73.0,48.0,36.0,11.0
1043,1966,17,68.0,58.0,21.0,12.0
1044,1967,17,70.0,57.0,23.0,10.0
1045,1968,17,65.0,56.0,23.0,14.0
1046,1969,17,75.0,60.0,28.0,13.0
1047,1970,17,86.0,67.0,29.0,10.0
1048,1971,17,100.0,69.0,43.0,11.0
1049,1972,17,107.0,71.0,48.0,12.0
1050,1973,17,100.0,75.0,37.0,13.0
1051,1974,17,116.0,81.0,49.0,14.0
1052,1975,17,136.0,86.0,67.0,17.0
1053,1976,17,138.0,92.0,60.0,14.0
1054,1977,17,145.0,106.0,60.0,21.0
1055,1978,17,140.0,111.0,46.0,17.0
1056,1979,17,150.0,118.0,49.0,17.0
1057,1980,17,182.0,130.0,71.0,19.0
1058,1981,17,204.0,137.0,85.0,17.0
1059,1982,17,197.0,140.0,73.0,17.0
1060,1983,17,197.0,146.0,77.0,26.0
1061,1984,17,216.0,151.0,95.0,30.0
1062,1985,17,243.0,152.0,108.0,18.0
1063,1986,17,251.0,146.0,110.0,5.0
1064,1987,17,286.0,156.0,135.0,5.0
1065,1988,17,251.0,123.0,134.0,5.0
1066,1989,17,342.0,131.0,215.0,4.0
1067,1990,17,384.0,136.0,256.0,7.0
1068,1991,17,290.0,120.0,170.0,0.0
1069,1992,17,77.0,2.0,75.0,0.0
1070,1993,17,112.0,2.0,110.0,0.0
1071,1994,17,93.0,8.0,93.0,8.0
1072,1995,17,148.0,7.0,148.0,7.0
1073,1996,17,116.0,5.0,119.0,8.0
1074,1997,17,160.0,4.0,166.0,10.0
1075,1998,17,151.0,4.0,155.0,7.0
1076,1999,17,163.0,2.0,163.0,2.0
1077,2000,17,158.0,2.0,159.0,2.0
1078,2001,17,155.0,1.0,155.0,1.0
1079,2002,17,166.0,1.0,166.0,2.0
1080,2003,17,169.0,1.0,171.0,3.0
1081,2004,17,171.0,1.0,175.0,6.0
1082,2005,17,176.0,1.0,184.0,10.0
1083,2006,17,169.0,1.0,178.0,10.0
1084,2007,17,176.0,1.0,186.0,11.0
1085,2008,17,176.0,1.0,187.0,12.0
1086,2009,17,176.0,1.0,185.0,10.0
1087,2010,17,176.0,0.0,185.0,9.0
1088,2011,17,184.0,0.0,191.0,7.0
1089,2012,17,171.0,0.0,183.0,13.0
1090,2013,17,162.0,0.0,176.0,14.0
1091,2014,17,174.0,0.0,175.0,12.0
1092,2015,17,171.0,0.0,175.0,13.0
1093,2016,17,164.0,0.0,166.0,15.0
1094,2017,17,154.0,1.0,170.0,17.0
1095,2018,17,147.0,1.0,166.0,19.0
1096,2019,17,132.0,0.0,152.0,20.0
1097,2020,17,133.0,0.0,154.0,21.0
1098,1960,18,12365.0,14134.0,150.0,17.0
1099,1961,18,12481.0,14259.0,156.0,11.0
1100,1962,18,12797.0,14866.0,161.0,30.0
1101,1963,18,11902.0,13917.0,177.0,20.0
1102,1964,18,11042.0,18846.0,312.0,19.0
1103,1965,18,11424.0,16571.0,228.0,26.0
1104,1966,18,11599.0,16813.0,268.0,25.0
1105,1967,18,11005.0,18864.0,334.0,26.0
1106,1968,18,11604.0,17517.0,311.0,32.0
1107,1969,18,11756.0,16817.0,838.0,22.0
1108,1970,18,11652.0,17990.0,889.0,63.0
1109,1971,18,11724.0,18402.0,883.0,45.0
1110,1972,18,11133.0,17566.0,820.0,55.0
1111,1973,18,11539.0,12186.0,930.0,75.0
1112,1974,18,11575.0,10764.0,1538.0,68.0
1113,1975,18,12332.0,19545.0,1485.0,73.0
1114,1976,18,12110.0,10564.0,1567.0,65.0
1115,1977,18,12707.0,10173.0,1613.0,92.0
1116,1978,18,12341.0,12219.0,1617.0,25.0
1117,1979,18,12139.0,10746.0,1608.0,22.0
1118,1980,18,12830.0,12479.0,1613.0,44.0
1119,1981,18,12964.0,11922.0,1644.0,32.0
1120,1982,18,12016.0,14866.0,1703.0,30.0
1121,1983,18,12119.0,14628.0,1654.0,35.0
1122,1984,18,12453.0,15776.0,1674.0,32.0
1123,1985,18,22224.0,13182.0,1743.0,33.0
1124,1986,18,12308.0,13387.0,1759.0,26.0
1125,1987,18,12188.0,13958.0,1737.0,28.0
1126,1988,18,12943.0,14708.0,1708.0,26.0
1127,1989,18,12114.0,13321.0,1529.0,24.0
1128,1990,18,12530.0,12244.0,1439.0,64.0
1129,1991,18,12274.0,12249.0,1377.0,27.0
1130,1992,18,11915.0,10716.0,3658.0,12.0
1131,1993,18,10784.0,10400.0,1781.0,16.0
1132,1994,18,10268.0,10060.0,1379.0,37.0
1133,1995,18,11430.0,11819.0,1066.0,27.0
1134,1996,18,11287.0,11175.0,1313.0,24.0
1135,1997,18,11964.0,11773.0,1941.0,14.0
1136,1998,18,11722.0,10986.0,1714.0,29.0
1137,1999,18,12515.0,12478.0,1969.0,28.0
1138,2000,18,12954.0,12453.0,1681.0,47.0
1139,2001,18,13188.0,13259.0,1519.0,48.0
1140,2002,18,13409.0,13032.0,1765.0,28.0
1141,2003,18,13966.0,14777.0,2304.0,52.0
1142,2004,18,14676.0,14809.0,2510.0,64.0
1143,2005,18,15303.0,16126.0,2899.0,80.0
1144,2006,18,15757.0,16629.0,3214.0,66.0
1145,2007,18,14894.0,12368.0,3441.0,55.0
1146,2008,18,14906.0,14349.0,3665.0,78.0
1147,2009,18,15158.0,14827.0,3347.0,87.0
1148,2010,18,15007.0,13283.0,3643.0,42.0
1149,2011,18,15720.0,15907.0,3719.0,37.0
1150,2012,18,16073.0,16086.0,3301.0,59.0
1151,2013,18,16217.0,16120.0,3538.0,79.0
1152,2014,18,16543.0,16894.0,3229.0,64.0
1153,2015,18,16478.0,17786.0,2419.0,186.0
1154,2016,18,13935.0,15075.0,1887.0,240.0
1155,2017,18,14670.0,15444.0,2282.0,222.0
1156,2018,18,15113.0,15686.0,2466.0,256.0
1157,2019,18,15164.0,15938.0,2327.0,318.0
1158,2020,18,14513.0,15535.0,1938.0,338.0
1159,1960,19,16300.0,30987.0,4607.0,5034.0
1160,1961,19,16400.0,32494.0,4706.0,5134.0
1161,1962,19,16800.0,36530.0,4750.0,5097.0
1162,1963,19,17200.0,36700.0,3422.0,4471.0
1163,1964,19,16553.0,39935.0,4580.0,2457.0
1164,1965,19,16920.0,36105.0,6770.0,2015.0
1165,1966,19,16393.0,34469.0,5047.0,3211.0
1166,1967,19,15776.0,32774.0,2110.0,5784.0
1167,1968,19,15690.0,37789.0,1691.0,5106.0
1168,1969,19,15791.0,35122.0,2510.0,6768.0
1169,1970,19,16664.0,33750.0,2228.0,5880.0
1170,1971,19,16026.0,32834.0,2731.0,8476.0
1171,1972,19,16086.0,30833.0,8528.0,4412.0
1172,1973,19,15864.0,30319.0,1560.0,5017.0
1173,1974,19,15638.0,38878.0,3273.0,6484.0
1174,1975,19,14158.0,32250.0,9661.0,3411.0
1175,1976,19,24453.0,31086.0,7173.0,1624.0
1176,1977,19,24463.0,36668.0,7117.0,2896.0
1177,1978,19,25178.0,31355.0,9342.0,2136.0
1178,1979,19,25274.0,34886.0,10265.0,3576.0
1179,1980,19,25641.0,42500.0,16183.0,2040.0
1180,1981,19,25802.0,46650.0,18543.0,2335.0
1181,1982,19,26693.0,49757.0,22127.0,1945.0
1182,1983,19,26795.0,43748.0,22206.0,2070.0
1183,1984,19,27436.0,44960.0,27401.0,1926.0
1184,1985,19,28462.0,43200.0,21663.0,1658.0
1185,1986,19,29359.0,46573.0,16026.0,1527.0
1186,1987,19,29744.0,47331.0,18379.0,1802.0
1187,1988,19,20192.0,48826.0,21399.0,1636.0
1188,1989,19,20000.0,47162.0,14514.0,1322.0
1189,1990,19,21282.0,40188.0,15370.0,1066.0
1190,1991,19,22962.0,41991.0,20059.0,1080.0
1191,1992,19,19217.0,46167.0,19193.0,987.0
1192,1993,19,19222.0,43547.0,6474.0,948.0
1193,1994,19,20116.0,32129.0,2712.0,732.0
1194,1995,19,19851.0,30119.0,2757.0,676.0
1195,1996,19,19303.0,34917.0,3655.0,441.0
1196,1997,19,19632.0,44258.0,3446.0,626.0
1197,1998,19,19466.0,27012.0,1922.0,1263.0
1198,1999,19,19184.0,30995.0,4798.0,858.0
1199,2000,19,18860.0,34455.0,2897.0,683.0
1200,2001,19,19425.0,46982.0,1142.0,1903.0
1201,2002,19,19440.0,50609.0,801.0,1477.0
1202,2003,19,19125.0,34104.0,816.0,3041.0
1203,2004,19,18877.0,45413.0,2075.0,4943.0
1204,2005,19,19231.0,47698.0,965.0,6729.0
1205,2006,19,18988.0,44927.0,1652.0,8068.0
1206,2007,19,18884.0,49368.0,723.0,10941.0
1207,2008,19,18734.0,63765.0,438.0,12473.0
1208,2009,19,18590.0,61740.0,300.0,17461.0
1209,2010,19,19043.0,41508.0,328.0,12160.0
1210,2011,19,18680.0,56240.0,450.0,16209.0
1211,2012,19,19178.0,37720.0,720.0,16515.0
1212,2013,19,18710.0,52091.0,1360.0,14243.0
1213,2014,19,19318.0,59711.0,760.0,22542.0
1214,2015,19,20454.0,61786.0,629.0,21849.0
1215,2016,19,20575.0,73346.0,821.0,25918.0
1216,2017,19,20729.0,86003.0,543.0,33584.0
1217,2018,19,19442.0,72136.0,686.0,44639.0
1218,2019,19,19413.0,74453.0,560.0,32674.0
1219,2020,19,19174.0,85896.0,524.0,38037.0
